{
  "project_info": {
    "project_number": "919574066928",
    "firebase_url": "https://sherwood-7bb24.firebaseio.com",
    "project_id": "sherwood-7bb24",
    "storage_bucket": "sherwood-7bb24.appspot.com"
  },
  "client": [
    {
      "client_info": {
        "mobilesdk_app_id": "1:919574066928:android:fc7b4420be59f0e4a33435",
        "android_client_info": {
          "package_name": "com.example.hackathonproject"
        }
      },
      "oauth_client": [
        {
          "client_id": "919574066928-ti5pkfq6ipa4afkitv1s93dolmsrlh1e.apps.googleusercontent.com",
          "client_type": 3
        }
      ],
      "api_key": [
        {
          "current_key": "AIzaSyBIlcvYJy3Lpxai2M15i0cCmkh_LzzY9rA"
        }
      ],
      "services": {
        "appinvite_service": {
          "other_platform_oauth_client": [
            {
              "client_id": "919574066928-ti5pkfq6ipa4afkitv1s93dolmsrlh1e.apps.googleusercontent.com",
              "client_type": 3
            }
          ]
        }
      }
    }
  ],
  "configuration_version": "1"
}